<?xml version="1.0" encoding="UTF-8"?>

<beans:beans
	xmlns="http://www.springframework.org/schema/security"

	xmlns:beans="http://www.springframework.org/schema/beans"

	xmlns:xsi="http://www.w3.org/2001/XMLSchema-instance"

	xsi:schemaLocation="http://www.springframework.org/schema/beans 

http://www.springframework.org/schema/beans/spring-beans.xsd 

http://www.springframework.org/schema/security 
 
http://www.springframework.org/schema/security/spring-security.xsd">

	<http auto-config="true">

		<!-- <intercept-url pattern="/" access="ROLE_USER" /> -->
		<intercept-url pattern="/user" access="ROLE_USER" />

		<intercept-url pattern="/admin" access="ROLE_ADMIN" />

		<!-- <form-login authentication-failure-url="/Access_Denied"/> -->

	</http>


	<authentication-manager>

		<authentication-provider>

			<user-service>

				<user name="rani" password="rani123" authorities="ROLE_ADMIN" />
				<user name="user" password="123" authorities="ROLE_USER" />

			</user-service>

		</authentication-provider>

	</authentication-manager>

</beans:beans> 


